,star_id,name
0,1,Caleb Landry Jones
1,2,Charlie Cox
2,3,Scatman Crothers
3,4,Rupert Grint
4,5,Max von Sydow
5,6,Tom Hiddleston
6,7,Leonard Nimoy
7,8,Joseph Cotten
8,9,Adam Driver
9,10,Hugh Grant
10,11,Chris Hemsworth
11,12,Emile Hirsch
12,13,William Hickey
13,14,Matt Damon
14,15,Eliza Scanlen
15,16,Robert Pattinson
16,17,Michael Schwartz
17,18,Matthew Broderick
18,19,Frank Morgan
19,20,Michael Keaton
20,21,Annie Potts
21,22,Tom Prior
22,23,Michael Bates
23,24,Linda Cardellini
24,25,Taraji P. Henson
25,26,Taron Egerton
26,27,Leonardo DiCaprio
27,28,Patrick Stewart
28,29,Val Kilmer
29,30,Jeff Bridges
30,31,Dee Wallace
31,32,Kevin Bacon
32,33,Kareem Abdul-Jabbar
33,34,Bonnie Hunt
34,35,Paul Winfield
35,36,Corey Feldman
36,37,Jessica Tandy
37,38,Anna Faris
38,39,Bob Gunton
39,40,Vin Diesel
40,41,Gary Oldman
41,42,Patrick Wilson
42,43,T.J. Miller
43,44,Giovanni Ribisi
44,45,Christopher Lloyd
45,46,Zachary Quinto
46,47,Tim Allen
47,48,Tom Hanks
48,49,Mary McDonnell
49,50,Azhy Robertson
50,51,Justin Timberlake
51,52,Carrie Henn
52,53,Julie Hagerty
53,54,John Goodman
54,55,Lin-Manuel Miranda
55,56,Benicio Del Toro
56,57,Morena Baccarin
57,58,Zach Grenier
58,59,Dominic West
59,60,Miyu Irino
60,61,James Caan
61,62,Frances McDormand
62,63,Mark Hamill
63,64,Dean-Charles Chapman
64,65,Jeremy Strong
65,66,Steven Bauer
66,67,Adrian Molina
67,68,Toni Collette
68,69,Justin Theroux
69,70,Sacha Baron Cohen
70,71,Ivana Baquero
71,72,Wendy Crewson
72,73,Michael Biehn
73,74,Malcolm McDowell
74,75,Rory Cochrane
75,76,Carey Mulligan
76,77,Linda Blair
77,78,Paul Dano
78,79,Alex Sharp
79,80,Jennifer Garner
80,81,Luis Guzmán
81,82,Albert Brooks
82,83,Jean Hagen
83,84,Jake Gyllenhaal
84,85,Joe Russo
85,86,Mark Boone Junior
86,87,Nicole Kidman
87,88,Janelle Monáe
88,89,Rob Minkoff
89,90,John Fiedler
90,91,Tippi Hedren
91,92,Daveigh Chase
92,93,Jean Reno
93,94,Alex Palmer
94,95,Zoë Kravitz
95,96,Forest Whitaker
96,97,William Sylvester
97,98,Martine McCutcheon
98,99,Samantha Isler
99,100,Chris ODonnell
100,101,Lee J. Cobb
101,102,Oliver Reed
102,103,Hailee Steinfeld
103,104,Bruce Willis
104,105,Bill Nighy
105,106,Crispin Glover
106,107,Jeremy Irons
107,108,Dan Aykroyd
108,109,Nicholas Hoult
109,110,James Garner
110,111,Ethan Coen
111,112,Robin Williams
112,113,Alan Tudyk
113,114,Harvey Keitel
114,115,Jason Statham
115,116,Gena Rowlands
116,117,Chris Pratt
117,118,Donnie Yen
118,119,Adrien Brody
119,120,Thora Birch
120,121,Nick Frost
121,122,Christopher Plummer
122,123,Taika Waititi
123,124,Jim Carrey
124,125,Nancy Kyes
125,126,Danny Elfman
126,127,Neil Patrick Harris
127,128,Ariadna Gil
128,129,Billy Zane
129,130,Annette Bening
130,131,Orlando Bloom
131,132,Jamie Foxx
132,133,Jared Leto
133,134,Danny Aiello
134,135,Lucas Hedges
135,136,Jeff Goldblum
136,137,Carrie Fisher
137,138,Eiza González
138,139,Russell Crowe
139,140,Kevin Costner
140,141,Matthew McConaughey
141,142,Judy Garland
142,143,Viola Davis
143,144,Gerard Butler
144,145,Winona Ryder
145,146,Mila Kunis
146,147,Tyler Perry
147,148,Danny Lloyd
148,149,Anthony Perkins
149,150,Robert Downey Jr.
150,151,Lucy Boynton
151,152,Richard Masur
152,153,Colin Firth
153,154,Adèle Haenel
154,155,John David Washington
155,156,Elijah Wood
156,157,Gabriel Byrne
157,158,Matthew Macfadyen
158,159,Sean Astin
159,160,Holmes Osborne
160,161,Sebastian Maniscalco
161,162,Heath Ledger
162,163,Scarlett Johansson
163,164,Diego Luna
164,165,Mark Wahlberg
165,166,Jerry Zucker
166,167,Donald Pleasence
167,168,Chazz Palminteri
168,169,Teri Hatcher
169,170,Laura Dern
170,171,Viggo Mortensen
171,172,Ian McKellen
172,173,Julianne Moore
173,174,Martin Sheen
174,175,Armie Hammer
175,176,Anthony Gonzalez
176,177,Jamie Lee Curtis
177,178,Hugh Jackman
178,179,Anthony Hopkins
179,180,Laura Linney
180,181,Julia Roberts
181,182,John Musker
182,183,Marlon Brando
183,184,Norman Taurog
184,185,George MacKay
185,186,William H. Macy
186,187,Gael García Bernal
187,188,Edward James Olmos
188,189,Leslie Nielsen
189,190,Yeo-jeong Jo
190,191,Henry Thomas
191,192,Linda Hamilton
192,193,Izabela Vidovic
193,194,Valeria Golino
194,195,Danny Glover
195,196,Kathy Bates
196,197,Angus Macfadyen
197,198,Sean Bridgers
198,199,Ryan Reynolds
199,200,Edward Norton
200,201,Daniel Richter
201,202,Annalise Basso
202,203,Catherine Keener
203,204,Joe Pantoliano
204,205,Warren Clarke
205,206,Olivia Williams
206,207,Michael Stuhlbarg
207,208,Edward Burns
208,209,Kasi Lemmons
209,210,Billy Crudup
210,211,Sam Neill
211,212,Peter Ramsey
212,213,Rami Malek
213,214,George Cukor
214,215,William Sadler
215,216,Ryan Gosling
216,217,Rumi Hiiragi
217,218,Tony Hale
218,219,Peter Coyote
219,220,Chris Evans
220,221,Naomi Watts
221,222,Tom Hardy
222,223,Fionn Whitehead
223,224,King Vidor
224,225,Rutger Hauer
225,226,Gary Sinise
226,227,Lady Gaga
227,228,Edward Furlong
228,229,Jennifer Saunders
229,230,Zoe Saldana
230,231,Greg Grunberg
231,232,Richard Thorpe
232,233,Lydia Wilson
233,234,Tim Robbins
234,235,Jeffrey Jones
235,236,Gary Lockwood
236,237,Simon Pegg
237,238,Liev Schreiber
238,239,Mia Sara
239,240,Robert Duvall
240,241,Shameik Moore
241,242,Daniel Mays
242,243,Ray Bolger
243,244,Tom Cruise
244,245,Sam Rockwell
245,246,Richard Armitage
246,247,Christian Bale
247,248,Rodney Rothman
248,249,Mandy Patinkin
249,250,Vera Miles
250,251,Andy Serkis
251,252,Sergi López
252,253,Judi Dench
253,254,Temuera Morrison
254,255,Octavia Spencer
255,256,Ben Kingsley
256,257,Martin Balsam
257,258,Diane Keaton
258,259,John Hodgman
259,260,Richard Attenborough
260,261,Adam Baldwin
261,262,Ben Hardy
262,263,Stephen Baldwin
263,264,Tommy Lee Jones
264,265,Jesse Eisenberg
265,266,Wes Bentley
266,267,Joel Coen
267,268,Jennifer Jason Leigh
268,269,Naomie Harris
269,270,Kate Ashfield
270,271,Jonny Brugh
271,272,John Getz
272,273,David Zucker
273,274,Arnold Schwarzenegger
274,275,Emma Watson
275,276,Alanna Ubach
276,277,Hugo Weaving
277,278,John Gavin
278,279,Melissa Benoist
279,280,Jon Bernthal
280,281,Roman Griffin Davis
281,282,Robert Hays
282,283,Matthew Modine
283,284,Julian Dennison
284,285,Michael Clarke Duncan
285,286,Daniel Craig
286,287,Ving Rhames
287,288,Margot Robbie
288,289,John Hurt
289,290,Aulii Cravalho
290,291,Noémie Merlant
291,292,Alec Guinness
292,293,Patrick Magee
293,294,Richard Harris
294,295,Bradley Cooper
295,296,R. Lee Ermey
296,297,Joaquin Phoenix
297,298,Jemaine Clement
298,299,Jonah Hill
299,300,Cori Gonzalez-Macuer
300,301,Rod Taylor
301,302,Cillian Murphy
302,303,Don Hall
303,304,Gabrielle Anwar
304,305,Woo-sik Choi
305,306,Florence Pugh
306,307,Maggie Smith
307,308,Harold Ramis
308,309,Ellen Page
309,310,Javier Bardem
310,311,Steve Zahn
311,312,Amy Adams
312,313,Dafne Keen
313,314,Janet Leigh
314,315,Tom Skerritt
315,316,Jennifer Connelly
316,317,Macaulay Culkin
317,318,Emily Mortimer
318,319,Frances Conroy
319,320,Saoirse Ronan
320,321,Mackenzie Foy
321,322,Robin Wright
322,323,Catherine OHara
323,324,Dennis Farina
324,325,Sophie Marceau
325,326,Brie Larson
326,327,Connie Nielsen
327,328,Daniel Stern
328,329,Jackie Earle Haley
329,330,Leigh Whannell
330,331,Anne Hathaway
331,332,Sam Worthington
332,333,Keira Knightley
333,334,Vincent Cassel
334,335,Bill Paxton
335,336,Rosemarie DeWitt
336,337,Reginald VelJohnson
337,338,Jack Nicholson
338,339,Rachel McAdams
339,340,Lucy Davis
340,341,Terrence Howard
341,342,Jason London
342,343,Timothée Chalamet
343,344,Aaron Eckhart
344,345,Chris Williams
345,346,Zack Gottsagen
346,347,Kerry Washington
347,348,Jeffrey Wright
348,349,Michelle Williams
349,350,F. Murray Abraham
350,351,Will Poulter
351,352,Alan Rickman
352,353,Jerry OConnell
353,354,Rooney Mara
354,355,Ciarán Hinds
355,356,Maribel Verdú
356,357,Kyle Chandler
357,358,Casey Affleck
358,359,Martin Stringer
359,360,Anthony Edwards
360,361,Aaron Taylor-Johnson
361,362,Sienna Miller
362,363,Jared Gilman
363,364,Lea Thompson
364,365,Rupert Graves
365,366,Rosamund Pike
366,367,Kate Mara
367,368,Brad Pitt
368,369,Liam Neeson
369,370,James Earl Jones
370,371,John Heard
371,372,Ana de Armas
372,373,Bonnie Bedelia
373,374,Teresa Palmer
374,375,Garrett M. Brown
375,376,Sigourney Weaver
376,377,Tony Moran
377,378,Jessica Chastain
378,379,Patrick Fugit
379,380,Ray Liotta
380,381,Benjamin Bratt
381,382,Jake Johnson
382,383,Leslie Odom Jr.
383,384,Jon Voight
384,385,Dorothy Comingore
385,386,Lilly Wachowski
386,387,Mahershala Ali
387,388,Sean Young
388,389,Caroline Goodall
389,390,Bert Lahr
390,391,David Morse
391,392,Richard Griffiths
392,393,Orson Welles
393,394,Jacob Tremblay
394,395,John Travolta
395,396,Christopher Walken
396,397,Ken Watanabe
397,398,Henry Fonda
398,399,Josh Brolin
399,400,Stellan Skarsgård
400,401,Malin Akerman
401,402,Judith Anderson
402,403,Chris Pine
403,404,Ben Affleck
404,405,Luàna Bajrami
405,406,Keith David
406,407,Walton Goggins
407,408,Miles Teller
408,409,Sam Elliott
409,410,Eva Green
410,411,Daniel Radcliffe
411,412,Kristen Wiig
412,413,Paul Reiser
413,414,Meat Loaf
414,415,Allison Williams
415,416,Cary Elwes
416,417,Ian Holm
417,418,Mark Ruffalo
418,419,George Sanders
419,420,Ed Skrein
420,421,Bill Sage
421,422,Kevin Jarre
422,423,Chloë Grace Moretz
423,424,Sophie Perry
424,425,Lorraine Bracco
425,426,Ellen Burstyn
426,427,Sean Bean
427,428,Martin Freeman
428,429,Josh Lucas
429,430,Juhan Ulfsak
430,431,David Wenham
431,432,Bill Murray
432,433,Laurence Olivier
433,434,Bradley Whitford
434,435,Kevin Spacey
435,436,Owen Wilson
436,437,Louise Fletcher
437,438,Luke Bracey
438,439,Stephen Rea
439,440,Thomas F. Wilson
440,441,Christoph Waltz
441,442,Johnny Depp
442,443,Eli Roth
443,444,Woody Harrelson
444,445,Julia Greer
445,446,Peter Brocco
446,447,Kate Hudson
447,448,Gwilym Lee
448,449,Bryce Dallas Howard
449,450,Ann Owens
450,451,Robert De Niro
451,452,Melissa Leo
452,453,Al Pacino
453,454,Kate Winslet
454,455,Laurence Fishburne
455,456,Dakota Fanning
456,457,Shelley Duvall
457,458,Demi Moore
458,459,Michael J. Fox
459,460,Henry Cavill
460,461,Anthony Michael Hall
461,462,Zazie Beetz
462,463,Michael Caine
463,464,Alan Ruck
464,465,Michelle Rodriguez
465,466,Keanu Reeves
466,467,Dwayne Johnson
467,468,Chris Sarandon
468,469,Morgan Freeman
469,470,Kang-ho Song
470,471,Steve Carell
471,472,Cate Blanchett
472,473,Gene Kelly
473,474,Wilford Brimley
474,475,Andrew Kevin Walker
475,476,Kara Hayward
476,477,Nicolas Cage
477,478,Vincent DOnofrio
478,479,Bryan Cranston
479,480,Debbie Reynolds
480,481,Philip Seymour Hoffman
481,482,Mark Rylance
482,483,Samuel L. Jackson
483,484,Joan Fontaine
484,485,Joe Pesci
485,486,Caitriona Balfe
486,487,Christopher Eccleston
487,488,Elizabeth Debicki
488,489,Gwyneth Paltrow
489,490,Geena Davis
490,491,Boyd Holbrook
491,492,Jodie Foster
492,493,Rachel House
493,494,Emma Stone
494,495,Donald Sutherland
495,496,Donald OConnor
496,497,Mel Gibson
497,498,Mary Elizabeth Mastrantonio
498,499,James Rebhorn
499,500,Andrew Garfield
500,501,Keir Dullea
501,502,Dianne Wiest
502,503,Sun-kyun Lee
503,504,Phillipa Soo
504,505,Cybill Shepherd
505,506,Michael Gambon
506,507,Jon Hamm
507,508,Barry Keoghan
508,509,Burt Reynolds
509,510,Drew Barrymore
510,511,Renée Elise Goldsberry
511,512,Amira Casar
512,513,Michelle Dockery
513,514,Lawrence A. Bonney
514,515,River Phoenix
515,516,Agnes Moorehead
516,517,Joy Boushel
517,518,Carrie-Anne Moss
518,519,Ken Stott
519,520,Dakota Johnson
520,521,Robert Patrick
521,522,Ed Harris
522,523,Alakina Mann
523,524,Ansel Elgort
524,525,Geoffrey Rush
525,526,Guy Pearce
526,527,Fionnula Flanagan
527,528,Veronica Cartwright
528,529,Wiley Wiggins
529,530,Dave Bautista
530,531,Jeff Cohen
531,532,Ken Leung
532,533,Mélanie Laurent
533,534,Daniel Kaluuya
534,535,Thomasin McKenzie
535,536,Brenda Blethyn
536,537,Suzanne Pleshette
537,538,Mervyn LeRoy
538,539,Milla Jovovich
539,540,Michelle Pfeiffer
540,541,Jena Malone
541,542,Charlie Hunnam
542,543,Kurt Russell
543,544,Eric Sykes
544,545,Diane Kruger
545,546,Claire Danes
546,547,Domhnall Gleeson
547,548,Daniel Day-Lewis
548,549,Tom Wilkinson
549,550,Felicity Jones
550,551,Tom Sizemore
551,552,Gerry Robert Byrne
552,553,Rima Te Wiata
553,554,Harrison Ford
554,555,Jeanne Bates
555,556,Patrick McGoohan
556,557,Steve Buscemi
557,558,Natalie Portman
558,559,Lena Headey
559,560,Wil Wheaton
560,561,Uma Thurman
561,562,Frederic Forrest
562,563,Bruce Dern
563,564,Laura Harring
564,565,Joseph Gordon-Levitt
565,566,Carla Gugino
566,567,Charlize Theron
567,568,Jeremy Renner
568,569,J.K. Simmons
569,570,Peter Stormare
570,571,Michael Berryman
571,572,Mathieu Amalric
572,573,Eddie Redmayne
573,574,Whoopi Goldberg
574,575,Marlon Wayans
575,576,Sally Field
576,577,Haley Joel Osment
577,578,Ralph Fiennes
